scenario,variability,inductive_noise_threshold,declare_min_support_ratio,declare_min_confidence_ratio,train_traces_median,train_traces_ci_low,train_traces_ci_high,positive_test_traces_median,positive_test_traces_ci_low,positive_test_traces_ci_high,negative_test_traces_median,negative_test_traces_ci_low,negative_test_traces_ci_high,train_activity_count_median,train_activity_count_ci_low,train_activity_count_ci_high,train_variant_count_median,train_variant_count_ci_low,train_variant_count_ci_high,train_variant_ratio_median,train_variant_ratio_ci_low,train_variant_ratio_ci_high,train_variant_entropy_median,train_variant_entropy_ci_low,train_variant_entropy_ci_high,train_variant_entropy_normalized_median,train_variant_entropy_normalized_ci_low,train_variant_entropy_normalized_ci_high,train_mean_trace_length_median,train_mean_trace_length_ci_low,train_mean_trace_length_ci_high,imperative_petri_places_median,imperative_petri_places_ci_low,imperative_petri_places_ci_high,imperative_petri_transitions_median,imperative_petri_transitions_ci_low,imperative_petri_transitions_ci_high,imperative_petri_visible_transitions_median,imperative_petri_visible_transitions_ci_low,imperative_petri_visible_transitions_ci_high,imperative_petri_hidden_transitions_median,imperative_petri_hidden_transitions_ci_low,imperative_petri_hidden_transitions_ci_high,imperative_petri_arcs_median,imperative_petri_arcs_ci_low,imperative_petri_arcs_ci_high,imperative_bpmn_nodes_median,imperative_bpmn_nodes_ci_low,imperative_bpmn_nodes_ci_high,imperative_bpmn_flows_median,imperative_bpmn_flows_ci_low,imperative_bpmn_flows_ci_high,imperative_bpmn_tasks_median,imperative_bpmn_tasks_ci_low,imperative_bpmn_tasks_ci_high,imperative_bpmn_gateways_median,imperative_bpmn_gateways_ci_low,imperative_bpmn_gateways_ci_high,imperative_bpmn_xor_gateways_median,imperative_bpmn_xor_gateways_ci_low,imperative_bpmn_xor_gateways_ci_high,imperative_bpmn_and_gateways_median,imperative_bpmn_and_gateways_ci_low,imperative_bpmn_and_gateways_ci_high,imperative_bpmn_or_gateways_median,imperative_bpmn_or_gateways_ci_low,imperative_bpmn_or_gateways_ci_high,imperative_bpmn_split_gateways_median,imperative_bpmn_split_gateways_ci_low,imperative_bpmn_split_gateways_ci_high,imperative_control_flow_complexity_median,imperative_control_flow_complexity_ci_low,imperative_control_flow_complexity_ci_high,imperative_bpmn_density_median,imperative_bpmn_density_ci_low,imperative_bpmn_density_ci_high,imperative_bpmn_structural_overhead_median,imperative_bpmn_structural_overhead_ci_low,imperative_bpmn_structural_overhead_ci_high,imperative_bpmn_nodes_per_observed_activity_median,imperative_bpmn_nodes_per_observed_activity_ci_low,imperative_bpmn_nodes_per_observed_activity_ci_high,declarative_declare_relation_records_raw_median,declarative_declare_relation_records_raw_ci_low,declarative_declare_relation_records_raw_ci_high,declarative_declare_symmetric_deduplicated_constraints_median,declarative_declare_symmetric_deduplicated_constraints_ci_low,declarative_declare_symmetric_deduplicated_constraints_ci_high,declarative_declare_constraints_median,declarative_declare_constraints_ci_low,declarative_declare_constraints_ci_high,declarative_declare_constraints_primitive_preferred_median,declarative_declare_constraints_primitive_preferred_ci_low,declarative_declare_constraints_primitive_preferred_ci_high,declarative_declare_redundant_records_removed_median,declarative_declare_redundant_records_removed_ci_low,declarative_declare_redundant_records_removed_ci_high,declarative_declare_unary_constraints_median,declarative_declare_unary_constraints_ci_low,declarative_declare_unary_constraints_ci_high,declarative_declare_binary_constraints_median,declarative_declare_binary_constraints_ci_low,declarative_declare_binary_constraints_ci_high,declarative_declare_template_count_median,declarative_declare_template_count_ci_low,declarative_declare_template_count_ci_high,declarative_declare_observed_activities_median,declarative_declare_observed_activities_ci_low,declarative_declare_observed_activities_ci_high,declarative_declare_constrained_activities_median,declarative_declare_constrained_activities_ci_low,declarative_declare_constrained_activities_ci_high,declarative_declare_unconstrained_activities_median,declarative_declare_unconstrained_activities_ci_low,declarative_declare_unconstrained_activities_ci_high,declarative_declare_constraint_density_median,declarative_declare_constraint_density_ci_low,declarative_declare_constraint_density_ci_high,declarative_declare_graph_mean_degree_median,declarative_declare_graph_mean_degree_ci_low,declarative_declare_graph_mean_degree_ci_high,declarative_declare_graph_max_degree_median,declarative_declare_graph_max_degree_ci_low,declarative_declare_graph_max_degree_ci_high,declarative_declare_relation_overlap_median,declarative_declare_relation_overlap_ci_low,declarative_declare_relation_overlap_ci_high,declarative_declare_mean_support_ratio_median,declarative_declare_mean_support_ratio_ci_low,declarative_declare_mean_support_ratio_ci_high,declarative_declare_mean_confidence_ratio_median,declarative_declare_mean_confidence_ratio_ci_low,declarative_declare_mean_confidence_ratio_ci_high,declarative_declare_constraints_per_observed_activity_median,declarative_declare_constraints_per_observed_activity_ci_low,declarative_declare_constraints_per_observed_activity_ci_high,declarative_declare_raw_records_per_observed_activity_median,declarative_declare_raw_records_per_observed_activity_ci_low,declarative_declare_raw_records_per_observed_activity_ci_high,declarative_declare_primitive_constraints_per_observed_activity_median,declarative_declare_primitive_constraints_per_observed_activity_ci_low,declarative_declare_primitive_constraints_per_observed_activity_ci_high,imperative_test_tp_median,imperative_test_tp_ci_low,imperative_test_tp_ci_high,imperative_test_fn_median,imperative_test_fn_ci_low,imperative_test_fn_ci_high,imperative_test_fp_median,imperative_test_fp_ci_low,imperative_test_fp_ci_high,imperative_test_tn_median,imperative_test_tn_ci_low,imperative_test_tn_ci_high,imperative_test_accuracy_median,imperative_test_accuracy_ci_low,imperative_test_accuracy_ci_high,imperative_test_precision_median,imperative_test_precision_ci_low,imperative_test_precision_ci_high,imperative_test_recall_median,imperative_test_recall_ci_low,imperative_test_recall_ci_high,imperative_test_f1_median,imperative_test_f1_ci_low,imperative_test_f1_ci_high,imperative_test_false_acceptance_rate_median,imperative_test_false_acceptance_rate_ci_low,imperative_test_false_acceptance_rate_ci_high,imperative_test_false_rejection_rate_median,imperative_test_false_rejection_rate_ci_low,imperative_test_false_rejection_rate_ci_high,imperative_test_mutation_family_count_median,imperative_test_mutation_family_count_ci_low,imperative_test_mutation_family_count_ci_high,imperative_test_mutation_macro_rejection_rate_median,imperative_test_mutation_macro_rejection_rate_ci_low,imperative_test_mutation_macro_rejection_rate_ci_high,imperative_test_mutation_macro_balanced_accuracy_median,imperative_test_mutation_macro_balanced_accuracy_ci_low,imperative_test_mutation_macro_balanced_accuracy_ci_high,imperative_test_f1_leave_one_family_out_min_median,imperative_test_f1_leave_one_family_out_min_ci_low,imperative_test_f1_leave_one_family_out_min_ci_high,imperative_test_f1_leave_one_family_out_max_median,imperative_test_f1_leave_one_family_out_max_ci_low,imperative_test_f1_leave_one_family_out_max_ci_high,imperative_test_f1_leave_one_family_out_range_median,imperative_test_f1_leave_one_family_out_range_ci_low,imperative_test_f1_leave_one_family_out_range_ci_high,declarative_test_tp_median,declarative_test_tp_ci_low,declarative_test_tp_ci_high,declarative_test_fn_median,declarative_test_fn_ci_low,declarative_test_fn_ci_high,declarative_test_fp_median,declarative_test_fp_ci_low,declarative_test_fp_ci_high,declarative_test_tn_median,declarative_test_tn_ci_low,declarative_test_tn_ci_high,declarative_test_accuracy_median,declarative_test_accuracy_ci_low,declarative_test_accuracy_ci_high,declarative_test_precision_median,declarative_test_precision_ci_low,declarative_test_precision_ci_high,declarative_test_recall_median,declarative_test_recall_ci_low,declarative_test_recall_ci_high,declarative_test_f1_median,declarative_test_f1_ci_low,declarative_test_f1_ci_high,declarative_test_false_acceptance_rate_median,declarative_test_false_acceptance_rate_ci_low,declarative_test_false_acceptance_rate_ci_high,declarative_test_false_rejection_rate_median,declarative_test_false_rejection_rate_ci_low,declarative_test_false_rejection_rate_ci_high,declarative_test_mutation_family_count_median,declarative_test_mutation_family_count_ci_low,declarative_test_mutation_family_count_ci_high,declarative_test_mutation_macro_rejection_rate_median,declarative_test_mutation_macro_rejection_rate_ci_low,declarative_test_mutation_macro_rejection_rate_ci_high,declarative_test_mutation_macro_balanced_accuracy_median,declarative_test_mutation_macro_balanced_accuracy_ci_low,declarative_test_mutation_macro_balanced_accuracy_ci_high,declarative_test_f1_leave_one_family_out_min_median,declarative_test_f1_leave_one_family_out_min_ci_low,declarative_test_f1_leave_one_family_out_min_ci_high,declarative_test_f1_leave_one_family_out_max_median,declarative_test_f1_leave_one_family_out_max_ci_low,declarative_test_f1_leave_one_family_out_max_ci_high,declarative_test_f1_leave_one_family_out_range_median,declarative_test_f1_leave_one_family_out_range_ci_low,declarative_test_f1_leave_one_family_out_range_ci_high,declarative_closed_world_test_tp_median,declarative_closed_world_test_tp_ci_low,declarative_closed_world_test_tp_ci_high,declarative_closed_world_test_fn_median,declarative_closed_world_test_fn_ci_low,declarative_closed_world_test_fn_ci_high,declarative_closed_world_test_fp_median,declarative_closed_world_test_fp_ci_low,declarative_closed_world_test_fp_ci_high,declarative_closed_world_test_tn_median,declarative_closed_world_test_tn_ci_low,declarative_closed_world_test_tn_ci_high,declarative_closed_world_test_accuracy_median,declarative_closed_world_test_accuracy_ci_low,declarative_closed_world_test_accuracy_ci_high,declarative_closed_world_test_precision_median,declarative_closed_world_test_precision_ci_low,declarative_closed_world_test_precision_ci_high,declarative_closed_world_test_recall_median,declarative_closed_world_test_recall_ci_low,declarative_closed_world_test_recall_ci_high,declarative_closed_world_test_f1_median,declarative_closed_world_test_f1_ci_low,declarative_closed_world_test_f1_ci_high,declarative_closed_world_test_false_acceptance_rate_median,declarative_closed_world_test_false_acceptance_rate_ci_low,declarative_closed_world_test_false_acceptance_rate_ci_high,declarative_closed_world_test_false_rejection_rate_median,declarative_closed_world_test_false_rejection_rate_ci_low,declarative_closed_world_test_false_rejection_rate_ci_high,declarative_closed_world_test_mutation_family_count_median,declarative_closed_world_test_mutation_family_count_ci_low,declarative_closed_world_test_mutation_family_count_ci_high,declarative_closed_world_test_mutation_macro_rejection_rate_median,declarative_closed_world_test_mutation_macro_rejection_rate_ci_low,declarative_closed_world_test_mutation_macro_rejection_rate_ci_high,declarative_closed_world_test_mutation_macro_balanced_accuracy_median,declarative_closed_world_test_mutation_macro_balanced_accuracy_ci_low,declarative_closed_world_test_mutation_macro_balanced_accuracy_ci_high,declarative_closed_world_test_f1_leave_one_family_out_min_median,declarative_closed_world_test_f1_leave_one_family_out_min_ci_low,declarative_closed_world_test_f1_leave_one_family_out_min_ci_high,declarative_closed_world_test_f1_leave_one_family_out_max_median,declarative_closed_world_test_f1_leave_one_family_out_max_ci_low,declarative_closed_world_test_f1_leave_one_family_out_max_ci_high,declarative_closed_world_test_f1_leave_one_family_out_range_median,declarative_closed_world_test_f1_leave_one_family_out_range_ci_low,declarative_closed_world_test_f1_leave_one_family_out_range_ci_high,runtime_seconds_median,runtime_seconds_ci_low,runtime_seconds_ci_high,imperative_bpmn_nodes_change_from_p0_median,imperative_bpmn_nodes_change_from_p0_ci_low,imperative_bpmn_nodes_change_from_p0_ci_high,imperative_bpmn_nodes_percent_change_from_p0_median,imperative_bpmn_nodes_percent_change_from_p0_ci_low,imperative_bpmn_nodes_percent_change_from_p0_ci_high,imperative_bpmn_flows_change_from_p0_median,imperative_bpmn_flows_change_from_p0_ci_low,imperative_bpmn_flows_change_from_p0_ci_high,imperative_bpmn_flows_percent_change_from_p0_median,imperative_bpmn_flows_percent_change_from_p0_ci_low,imperative_bpmn_flows_percent_change_from_p0_ci_high,imperative_control_flow_complexity_change_from_p0_median,imperative_control_flow_complexity_change_from_p0_ci_low,imperative_control_flow_complexity_change_from_p0_ci_high,imperative_bpmn_structural_overhead_change_from_p0_median,imperative_bpmn_structural_overhead_change_from_p0_ci_low,imperative_bpmn_structural_overhead_change_from_p0_ci_high,imperative_bpmn_structural_overhead_percent_change_from_p0_median,imperative_bpmn_structural_overhead_percent_change_from_p0_ci_low,imperative_bpmn_structural_overhead_percent_change_from_p0_ci_high,imperative_bpmn_nodes_per_observed_activity_change_from_p0_median,imperative_bpmn_nodes_per_observed_activity_change_from_p0_ci_low,imperative_bpmn_nodes_per_observed_activity_change_from_p0_ci_high,imperative_bpmn_nodes_per_observed_activity_percent_change_from_p0_median,imperative_bpmn_nodes_per_observed_activity_percent_change_from_p0_ci_low,imperative_bpmn_nodes_per_observed_activity_percent_change_from_p0_ci_high,declarative_declare_constraints_change_from_p0_median,declarative_declare_constraints_change_from_p0_ci_low,declarative_declare_constraints_change_from_p0_ci_high,declarative_declare_constraints_percent_change_from_p0_median,declarative_declare_constraints_percent_change_from_p0_ci_low,declarative_declare_constraints_percent_change_from_p0_ci_high,declarative_declare_constraints_primitive_preferred_change_from_p0_median,declarative_declare_constraints_primitive_preferred_change_from_p0_ci_low,declarative_declare_constraints_primitive_preferred_change_from_p0_ci_high,declarative_declare_constraints_primitive_preferred_percent_change_from_p0_median,declarative_declare_constraints_primitive_preferred_percent_change_from_p0_ci_low,declarative_declare_constraints_primitive_preferred_percent_change_from_p0_ci_high,declarative_declare_relation_records_raw_change_from_p0_median,declarative_declare_relation_records_raw_change_from_p0_ci_low,declarative_declare_relation_records_raw_change_from_p0_ci_high,declarative_declare_relation_records_raw_percent_change_from_p0_median,declarative_declare_relation_records_raw_percent_change_from_p0_ci_low,declarative_declare_relation_records_raw_percent_change_from_p0_ci_high,declarative_declare_constraints_per_observed_activity_change_from_p0_median,declarative_declare_constraints_per_observed_activity_change_from_p0_ci_low,declarative_declare_constraints_per_observed_activity_change_from_p0_ci_high,declarative_declare_constraints_per_observed_activity_percent_change_from_p0_median,declarative_declare_constraints_per_observed_activity_percent_change_from_p0_ci_low,declarative_declare_constraints_per_observed_activity_percent_change_from_p0_ci_high,declarative_declare_raw_records_per_observed_activity_change_from_p0_median,declarative_declare_raw_records_per_observed_activity_change_from_p0_ci_low,declarative_declare_raw_records_per_observed_activity_change_from_p0_ci_high,declarative_declare_raw_records_per_observed_activity_percent_change_from_p0_median,declarative_declare_raw_records_per_observed_activity_percent_change_from_p0_ci_low,declarative_declare_raw_records_per_observed_activity_percent_change_from_p0_ci_high,declarative_declare_constraint_density_change_from_p0_median,declarative_declare_constraint_density_change_from_p0_ci_low,declarative_declare_constraint_density_change_from_p0_ci_high,declarative_declare_constraint_density_percent_change_from_p0_median,declarative_declare_constraint_density_percent_change_from_p0_ci_low,declarative_declare_constraint_density_percent_change_from_p0_ci_high,declarative_declare_template_count_change_from_p0_median,declarative_declare_template_count_change_from_p0_ci_low,declarative_declare_template_count_change_from_p0_ci_high,declarative_declare_template_count_percent_change_from_p0_median,declarative_declare_template_count_percent_change_from_p0_ci_low,declarative_declare_template_count_percent_change_from_p0_ci_high
noise,0.0,0.0,0.05,0.95,350.0,350.0,350.0,150.0,150.0,150.0,150.0,150.0,150.0,6.0,6.0,6.0,1.0,1.0,1.0,0.0028571428571428,0.0028571428571428,0.0028571428571428,0.0,0.0,0.0,0.0,0.0,0.0,6.0,6.0,6.0,7.0,7.0,7.0,6.0,6.0,6.0,6.0,6.0,6.0,0.0,0.0,0.0,12.0,12.0,12.0,8.0,8.0,8.0,7.0,7.0,7.0,6.0,6.0,6.0,0.0,0.0,0.0,0.0,0.0,0.0,0.0,0.0,0.0,0.0,0.0,0.0,0.0,0.0,0.0,0.0,0.0,0.0,0.125,0.125,0.125,2.0,2.0,2.0,1.3333333333333333,1.3333333333333333,1.3333333333333333,112.0,112.0,112.0,97.0,97.0,97.0,37.0,37.0,37.0,67.0,67.0,67.0,75.0,75.0,75.0,7.0,7.0,7.0,30.0,30.0,30.0,4.0,4.0,4.0,6.0,6.0,6.0,6.0,6.0,6.0,0.0,0.0,0.0,0.2517006802721088,0.2517006802721088,0.2517006802721088,5.0,5.0,5.0,5.0,5.0,5.0,5.0,5.0,5.0,1.0,1.0,1.0,1.0,1.0,1.0,6.166666666666667,6.166666666666667,6.166666666666667,18.666666666666668,18.666666666666668,18.666666666666668,11.166666666666666,11.166666666666666,11.166666666666666,150.0,150.0,150.0,0.0,0.0,0.0,0.0,0.0,0.0,150.0,150.0,150.0,1.0,1.0,1.0,1.0,1.0,1.0,1.0,1.0,1.0,1.0,1.0,1.0,0.0,0.0,0.0,0.0,0.0,0.0,9.0,9.0,9.0,1.0,1.0,1.0,1.0,1.0,1.0,1.0,1.0,1.0,1.0,1.0,1.0,0.0,0.0,0.0,150.0,150.0,150.0,0.0,0.0,0.0,0.0,0.0,0.0,150.0,150.0,150.0,1.0,1.0,1.0,1.0,1.0,1.0,1.0,1.0,1.0,1.0,1.0,1.0,0.0,0.0,0.0,0.0,0.0,0.0,9.0,9.0,9.0,1.0,1.0,1.0,1.0,1.0,1.0,1.0,1.0,1.0,1.0,1.0,1.0,0.0,0.0,0.0,150.0,150.0,150.0,0.0,0.0,0.0,0.0,0.0,0.0,150.0,150.0,150.0,1.0,1.0,1.0,1.0,1.0,1.0,1.0,1.0,1.0,1.0,1.0,1.0,0.0,0.0,0.0,0.0,0.0,0.0,9.0,9.0,9.0,1.0,1.0,1.0,1.0,1.0,1.0,1.0,1.0,1.0,1.0,1.0,1.0,0.0,0.0,0.0,0.1192710830073338,0.1126531670161057,0.1394337090023327,0.0,0.0,0.0,0.0,0.0,0.0,0.0,0.0,0.0,0.0,0.0,0.0,0.0,0.0,0.0,0.0,0.0,0.0,0.0,0.0,0.0,0.0,0.0,0.0,0.0,0.0,0.0,0.0,0.0,0.0,0.0,0.0,0.0,0.0,0.0,0.0,0.0,0.0,0.0,0.0,0.0,0.0,0.0,0.0,0.0,0.0,0.0,0.0,0.0,0.0,0.0,0.0,0.0,0.0,0.0,0.0,0.0,0.0,0.0,0.0,0.0,0.0,0.0,0.0,0.0,0.0,0.0,0.0,0.0
noise,0.0,0.1,0.05,0.95,350.0,350.0,350.0,150.0,150.0,150.0,150.0,150.0,150.0,6.0,6.0,6.0,1.0,1.0,1.0,0.0028571428571428,0.0028571428571428,0.0028571428571428,0.0,0.0,0.0,0.0,0.0,0.0,6.0,6.0,6.0,7.0,7.0,7.0,6.0,6.0,6.0,6.0,6.0,6.0,0.0,0.0,0.0,12.0,12.0,12.0,8.0,8.0,8.0,7.0,7.0,7.0,6.0,6.0,6.0,0.0,0.0,0.0,0.0,0.0,0.0,0.0,0.0,0.0,0.0,0.0,0.0,0.0,0.0,0.0,0.0,0.0,0.0,0.125,0.125,0.125,2.0,2.0,2.0,1.3333333333333333,1.3333333333333333,1.3333333333333333,112.0,112.0,112.0,97.0,97.0,97.0,37.0,37.0,37.0,67.0,67.0,67.0,75.0,75.0,75.0,7.0,7.0,7.0,30.0,30.0,30.0,4.0,4.0,4.0,6.0,6.0,6.0,6.0,6.0,6.0,0.0,0.0,0.0,0.2517006802721088,0.2517006802721088,0.2517006802721088,5.0,5.0,5.0,5.0,5.0,5.0,5.0,5.0,5.0,1.0,1.0,1.0,1.0,1.0,1.0,6.166666666666667,6.166666666666667,6.166666666666667,18.666666666666668,18.666666666666668,18.666666666666668,11.166666666666666,11.166666666666666,11.166666666666666,150.0,150.0,150.0,0.0,0.0,0.0,0.0,0.0,0.0,150.0,150.0,150.0,1.0,1.0,1.0,1.0,1.0,1.0,1.0,1.0,1.0,1.0,1.0,1.0,0.0,0.0,0.0,0.0,0.0,0.0,9.0,9.0,9.0,1.0,1.0,1.0,1.0,1.0,1.0,1.0,1.0,1.0,1.0,1.0,1.0,0.0,0.0,0.0,150.0,150.0,150.0,0.0,0.0,0.0,0.0,0.0,0.0,150.0,150.0,150.0,1.0,1.0,1.0,1.0,1.0,1.0,1.0,1.0,1.0,1.0,1.0,1.0,0.0,0.0,0.0,0.0,0.0,0.0,9.0,9.0,9.0,1.0,1.0,1.0,1.0,1.0,1.0,1.0,1.0,1.0,1.0,1.0,1.0,0.0,0.0,0.0,150.0,150.0,150.0,0.0,0.0,0.0,0.0,0.0,0.0,150.0,150.0,150.0,1.0,1.0,1.0,1.0,1.0,1.0,1.0,1.0,1.0,1.0,1.0,1.0,0.0,0.0,0.0,0.0,0.0,0.0,9.0,9.0,9.0,1.0,1.0,1.0,1.0,1.0,1.0,1.0,1.0,1.0,1.0,1.0,1.0,0.0,0.0,0.0,0.119269750022795,0.1145148750219959,0.1406222499790601,0.0,0.0,0.0,0.0,0.0,0.0,0.0,0.0,0.0,0.0,0.0,0.0,0.0,0.0,0.0,0.0,0.0,0.0,0.0,0.0,0.0,0.0,0.0,0.0,0.0,0.0,0.0,0.0,0.0,0.0,0.0,0.0,0.0,0.0,0.0,0.0,0.0,0.0,0.0,0.0,0.0,0.0,0.0,0.0,0.0,0.0,0.0,0.0,0.0,0.0,0.0,0.0,0.0,0.0,0.0,0.0,0.0,0.0,0.0,0.0,0.0,0.0,0.0,0.0,0.0,0.0,0.0,0.0,0.0
noise,0.0,0.2,0.05,0.95,350.0,350.0,350.0,150.0,150.0,150.0,150.0,150.0,150.0,6.0,6.0,6.0,1.0,1.0,1.0,0.0028571428571428,0.0028571428571428,0.0028571428571428,0.0,0.0,0.0,0.0,0.0,0.0,6.0,6.0,6.0,7.0,7.0,7.0,6.0,6.0,6.0,6.0,6.0,6.0,0.0,0.0,0.0,12.0,12.0,12.0,8.0,8.0,8.0,7.0,7.0,7.0,6.0,6.0,6.0,0.0,0.0,0.0,0.0,0.0,0.0,0.0,0.0,0.0,0.0,0.0,0.0,0.0,0.0,0.0,0.0,0.0,0.0,0.125,0.125,0.125,2.0,2.0,2.0,1.3333333333333333,1.3333333333333333,1.3333333333333333,112.0,112.0,112.0,97.0,97.0,97.0,37.0,37.0,37.0,67.0,67.0,67.0,75.0,75.0,75.0,7.0,7.0,7.0,30.0,30.0,30.0,4.0,4.0,4.0,6.0,6.0,6.0,6.0,6.0,6.0,0.0,0.0,0.0,0.2517006802721088,0.2517006802721088,0.2517006802721088,5.0,5.0,5.0,5.0,5.0,5.0,5.0,5.0,5.0,1.0,1.0,1.0,1.0,1.0,1.0,6.166666666666667,6.166666666666667,6.166666666666667,18.666666666666668,18.666666666666668,18.666666666666668,11.166666666666666,11.166666666666666,11.166666666666666,150.0,150.0,150.0,0.0,0.0,0.0,0.0,0.0,0.0,150.0,150.0,150.0,1.0,1.0,1.0,1.0,1.0,1.0,1.0,1.0,1.0,1.0,1.0,1.0,0.0,0.0,0.0,0.0,0.0,0.0,9.0,9.0,9.0,1.0,1.0,1.0,1.0,1.0,1.0,1.0,1.0,1.0,1.0,1.0,1.0,0.0,0.0,0.0,150.0,150.0,150.0,0.0,0.0,0.0,0.0,0.0,0.0,150.0,150.0,150.0,1.0,1.0,1.0,1.0,1.0,1.0,1.0,1.0,1.0,1.0,1.0,1.0,0.0,0.0,0.0,0.0,0.0,0.0,9.0,9.0,9.0,1.0,1.0,1.0,1.0,1.0,1.0,1.0,1.0,1.0,1.0,1.0,1.0,0.0,0.0,0.0,150.0,150.0,150.0,0.0,0.0,0.0,0.0,0.0,0.0,150.0,150.0,150.0,1.0,1.0,1.0,1.0,1.0,1.0,1.0,1.0,1.0,1.0,1.0,1.0,0.0,0.0,0.0,0.0,0.0,0.0,9.0,9.0,9.0,1.0,1.0,1.0,1.0,1.0,1.0,1.0,1.0,1.0,1.0,1.0,1.0,0.0,0.0,0.0,0.1167797499801963,0.1148819579975679,0.1340500829974189,0.0,0.0,0.0,0.0,0.0,0.0,0.0,0.0,0.0,0.0,0.0,0.0,0.0,0.0,0.0,0.0,0.0,0.0,0.0,0.0,0.0,0.0,0.0,0.0,0.0,0.0,0.0,0.0,0.0,0.0,0.0,0.0,0.0,0.0,0.0,0.0,0.0,0.0,0.0,0.0,0.0,0.0,0.0,0.0,0.0,0.0,0.0,0.0,0.0,0.0,0.0,0.0,0.0,0.0,0.0,0.0,0.0,0.0,0.0,0.0,0.0,0.0,0.0,0.0,0.0,0.0,0.0,0.0,0.0
noise,0.05,0.0,0.05,0.95,350.0,350.0,350.0,150.0,150.0,150.0,150.0,150.0,150.0,9.0,9.0,11.0,13.0,12.0,22.0,0.0371428571428571,0.0342857142857142,0.0628571428571428,0.4616882654473853,0.3998231387162712,0.7223940487800395,0.1280395225490243,0.111527844052997,0.1619924040904538,5.991428571428571,5.988571428571428,6.017142857142857,19.0,14.0,22.0,21.0,19.0,26.0,9.0,9.0,11.0,12.0,9.0,15.0,50.0,42.0,62.0,31.0,28.0,39.0,42.0,37.0,53.0,9.0,9.0,11.0,20.0,16.0,26.0,14.0,12.0,18.0,6.0,2.0,8.0,0.0,0.0,0.0,10.0,8.0,13.0,18.0,16.0,23.0,0.0451612903225806,0.0357624831309041,0.0492610837438423,22.0,18.0,28.0,3.4444444444444446,2.8,3.6666666666666665,112.0,112.0,112.0,97.0,97.0,97.0,37.0,37.0,37.0,67.0,67.0,67.0,75.0,75.0,75.0,7.0,7.0,7.0,30.0,30.0,30.0,4.0,4.0,4.0,9.0,9.0,11.0,6.0,6.0,6.0,3.0,3.0,5.0,0.1081871345029239,0.0715667311411992,0.1081871345029239,3.3333333333333335,2.727272727272727,3.3333333333333335,5.0,5.0,5.0,5.0,5.0,5.0,1.0,1.0,1.0,0.992972972972973,0.991891891891892,0.9944401544401544,4.111111111111111,3.363636363636364,4.111111111111111,12.444444444444445,10.181818181818182,12.444444444444445,7.444444444444445,6.090909090909091,7.444444444444445,150.0,150.0,150.0,0.0,0.0,0.0,50.0,33.0,83.0,100.0,67.0,117.0,0.8333333333333334,0.7233333333333334,0.89,0.75,0.6437768240343348,0.819672131147541,1.0,1.0,1.0,0.8571428571428571,0.7832898172323759,0.9009009009009008,0.3333333333333333,0.22,0.5533333333333333,0.0,0.0,0.0,9.0,9.0,9.0,0.6666666666666666,0.4444444444444444,0.7777777777777778,0.8333333333333333,0.7222222222222222,0.8888888888888888,0.8571428571428571,0.7832898172323759,0.9009009009009008,0.9009009009009008,0.819672131147541,0.9493670886075948,0.0437580437580438,0.0363823139151651,0.0484661877066939,150.0,150.0,150.0,0.0,0.0,0.0,0.0,0.0,0.0,150.0,150.0,150.0,1.0,1.0,1.0,1.0,1.0,1.0,1.0,1.0,1.0,1.0,1.0,1.0,0.0,0.0,0.0,0.0,0.0,0.0,9.0,9.0,9.0,1.0,1.0,1.0,1.0,1.0,1.0,1.0,1.0,1.0,1.0,1.0,1.0,0.0,0.0,0.0,150.0,150.0,150.0,0.0,0.0,0.0,0.0,0.0,0.0,150.0,150.0,150.0,1.0,1.0,1.0,1.0,1.0,1.0,1.0,1.0,1.0,1.0,1.0,1.0,0.0,0.0,0.0,0.0,0.0,0.0,9.0,9.0,9.0,1.0,1.0,1.0,1.0,1.0,1.0,1.0,1.0,1.0,1.0,1.0,1.0,0.0,0.0,0.0,0.1908153749827761,0.1701754580135457,0.2336437909980304,23.0,20.0,31.0,287.5,250.0,387.5,35.0,30.0,46.0,500.0,428.57142857142856,657.1428571428571,18.0,16.0,23.0,20.0,16.0,26.0,1000.0,800.0,1300.0,2.1111111111111116,1.4666666666666666,2.333333333333333,158.33333333333337,110.00000000000001,174.99999999999997,0.0,0.0,0.0,0.0,0.0,0.0,0.0,0.0,0.0,0.0,0.0,0.0,0.0,0.0,0.0,0.0,0.0,0.0,-2.0555555555555562,-2.8030303030303028,-2.0555555555555562,-33.33333333333334,-45.454545454545446,-33.33333333333334,-6.222222222222223,-8.484848484848486,-6.222222222222223,-33.333333333333336,-45.45454545454546,-33.333333333333336,-0.1435135457691849,-0.18013394913090958,-0.1435135457691849,-57.017543859649145,-71.56673114119923,-57.017543859649145,0.0,0.0,0.0,0.0,0.0,0.0
noise,0.05,0.1,0.05,0.95,350.0,350.0,350.0,150.0,150.0,150.0,150.0,150.0,150.0,9.0,9.0,11.0,13.0,12.0,22.0,0.0371428571428571,0.0342857142857142,0.0628571428571428,0.4616882654473853,0.3998231387162712,0.7223940487800395,0.1280395225490243,0.111527844052997,0.1619924040904538,5.991428571428571,5.988571428571428,6.017142857142857,10.0,10.0,13.0,12.0,12.0,16.0,9.0,9.0,11.0,3.0,3.0,5.0,26.0,24.0,34.0,17.0,17.0,23.0,20.0,19.0,28.0,9.0,9.0,11.0,6.0,6.0,10.0,6.0,4.0,8.0,0.0,0.0,2.0,0.0,0.0,0.0,3.0,3.0,5.0,6.0,6.0,10.0,0.0698529411764705,0.0553359683794466,0.0735294117647058,8.0,8.0,12.0,1.8888888888888888,1.8,2.090909090909091,112.0,112.0,112.0,97.0,97.0,97.0,37.0,37.0,37.0,67.0,67.0,67.0,75.0,75.0,75.0,7.0,7.0,7.0,30.0,30.0,30.0,4.0,4.0,4.0,9.0,9.0,11.0,6.0,6.0,6.0,3.0,3.0,5.0,0.1081871345029239,0.0715667311411992,0.1081871345029239,3.3333333333333335,2.727272727272727,3.3333333333333335,5.0,5.0,5.0,5.0,5.0,5.0,1.0,1.0,1.0,0.992972972972973,0.991891891891892,0.9944401544401544,4.111111111111111,3.363636363636364,4.111111111111111,12.444444444444445,10.181818181818182,12.444444444444445,7.444444444444445,6.090909090909091,7.444444444444445,150.0,150.0,150.0,0.0,0.0,0.0,0.0,0.0,51.0,150.0,99.0,150.0,1.0,0.83,1.0,1.0,0.746268656716418,1.0,1.0,1.0,1.0,1.0,0.8547008547008548,1.0,0.0,0.0,0.34,0.0,0.0,0.0,9.0,9.0,9.0,1.0,0.6666666666666666,1.0,1.0,0.8333333333333333,1.0,1.0,0.8547008547008548,1.0,1.0,0.8982035928143712,1.0,0.0,0.0,0.0506329113924051,150.0,150.0,150.0,0.0,0.0,0.0,0.0,0.0,0.0,150.0,150.0,150.0,1.0,1.0,1.0,1.0,1.0,1.0,1.0,1.0,1.0,1.0,1.0,1.0,0.0,0.0,0.0,0.0,0.0,0.0,9.0,9.0,9.0,1.0,1.0,1.0,1.0,1.0,1.0,1.0,1.0,1.0,1.0,1.0,1.0,0.0,0.0,0.0,150.0,150.0,150.0,0.0,0.0,0.0,0.0,0.0,0.0,150.0,150.0,150.0,1.0,1.0,1.0,1.0,1.0,1.0,1.0,1.0,1.0,1.0,1.0,1.0,0.0,0.0,0.0,0.0,0.0,0.0,9.0,9.0,9.0,1.0,1.0,1.0,1.0,1.0,1.0,1.0,1.0,1.0,1.0,1.0,1.0,0.0,0.0,0.0,0.1785103329748381,0.1614911249780561,0.3401985410018824,9.0,9.0,15.0,112.5,112.5,187.5,13.0,12.0,21.0,185.71428571428572,171.42857142857142,300.0,6.0,6.0,10.0,6.0,6.0,10.0,300.0,300.0,500.0,0.5555555555555556,0.4666666666666668,0.7575757575757576,41.66666666666667,35.00000000000001,56.81818181818182,0.0,0.0,0.0,0.0,0.0,0.0,0.0,0.0,0.0,0.0,0.0,0.0,0.0,0.0,0.0,0.0,0.0,0.0,-2.0555555555555562,-2.8030303030303028,-2.0555555555555562,-33.33333333333334,-45.454545454545446,-33.33333333333334,-6.222222222222223,-8.484848484848486,-6.222222222222223,-33.333333333333336,-45.45454545454546,-33.333333333333336,-0.1435135457691849,-0.18013394913090958,-0.1435135457691849,-57.017543859649145,-71.56673114119923,-57.017543859649145,0.0,0.0,0.0,0.0,0.0,0.0
noise,0.05,0.2,0.05,0.95,350.0,350.0,350.0,150.0,150.0,150.0,150.0,150.0,150.0,9.0,9.0,11.0,13.0,12.0,22.0,0.0371428571428571,0.0342857142857142,0.0628571428571428,0.4616882654473853,0.3998231387162712,0.7223940487800395,0.1280395225490243,0.111527844052997,0.1619924040904538,5.991428571428571,5.988571428571428,6.017142857142857,10.0,10.0,13.0,12.0,12.0,16.0,9.0,9.0,11.0,3.0,3.0,5.0,26.0,24.0,34.0,17.0,17.0,23.0,20.0,19.0,28.0,9.0,9.0,11.0,6.0,6.0,10.0,6.0,4.0,8.0,0.0,0.0,2.0,0.0,0.0,0.0,3.0,3.0,5.0,6.0,6.0,10.0,0.0698529411764705,0.0553359683794466,0.0735294117647058,8.0,8.0,12.0,1.8888888888888888,1.8,2.090909090909091,112.0,112.0,112.0,97.0,97.0,97.0,37.0,37.0,37.0,67.0,67.0,67.0,75.0,75.0,75.0,7.0,7.0,7.0,30.0,30.0,30.0,4.0,4.0,4.0,9.0,9.0,11.0,6.0,6.0,6.0,3.0,3.0,5.0,0.1081871345029239,0.0715667311411992,0.1081871345029239,3.3333333333333335,2.727272727272727,3.3333333333333335,5.0,5.0,5.0,5.0,5.0,5.0,1.0,1.0,1.0,0.992972972972973,0.991891891891892,0.9944401544401544,4.111111111111111,3.363636363636364,4.111111111111111,12.444444444444445,10.181818181818182,12.444444444444445,7.444444444444445,6.090909090909091,7.444444444444445,150.0,150.0,150.0,0.0,0.0,0.0,0.0,0.0,51.0,150.0,99.0,150.0,1.0,0.83,1.0,1.0,0.746268656716418,1.0,1.0,1.0,1.0,1.0,0.8547008547008548,1.0,0.0,0.0,0.34,0.0,0.0,0.0,9.0,9.0,9.0,1.0,0.6666666666666666,1.0,1.0,0.8333333333333333,1.0,1.0,0.8547008547008548,1.0,1.0,0.8982035928143712,1.0,0.0,0.0,0.0506329113924051,150.0,150.0,150.0,0.0,0.0,0.0,0.0,0.0,0.0,150.0,150.0,150.0,1.0,1.0,1.0,1.0,1.0,1.0,1.0,1.0,1.0,1.0,1.0,1.0,0.0,0.0,0.0,0.0,0.0,0.0,9.0,9.0,9.0,1.0,1.0,1.0,1.0,1.0,1.0,1.0,1.0,1.0,1.0,1.0,1.0,0.0,0.0,0.0,150.0,150.0,150.0,0.0,0.0,0.0,0.0,0.0,0.0,150.0,150.0,150.0,1.0,1.0,1.0,1.0,1.0,1.0,1.0,1.0,1.0,1.0,1.0,1.0,0.0,0.0,0.0,0.0,0.0,0.0,9.0,9.0,9.0,1.0,1.0,1.0,1.0,1.0,1.0,1.0,1.0,1.0,1.0,1.0,1.0,0.0,0.0,0.0,0.1795445840107277,0.1673925000068266,0.2627602500142529,9.0,9.0,15.0,112.5,112.5,187.5,13.0,12.0,21.0,185.71428571428572,171.42857142857142,300.0,6.0,6.0,10.0,6.0,6.0,10.0,300.0,300.0,500.0,0.5555555555555556,0.4666666666666668,0.7575757575757576,41.66666666666667,35.00000000000001,56.81818181818182,0.0,0.0,0.0,0.0,0.0,0.0,0.0,0.0,0.0,0.0,0.0,0.0,0.0,0.0,0.0,0.0,0.0,0.0,-2.0555555555555562,-2.8030303030303028,-2.0555555555555562,-33.33333333333334,-45.454545454545446,-33.33333333333334,-6.222222222222223,-8.484848484848486,-6.222222222222223,-33.333333333333336,-45.45454545454546,-33.333333333333336,-0.1435135457691849,-0.18013394913090958,-0.1435135457691849,-57.017543859649145,-71.56673114119923,-57.017543859649145,0.0,0.0,0.0,0.0,0.0,0.0
noise,0.1,0.0,0.05,0.95,350.0,350.0,350.0,150.0,150.0,150.0,150.0,150.0,150.0,11.0,9.0,11.0,21.0,17.0,25.0,0.06,0.0485714285714285,0.0714285714285714,0.9025805685286205,0.6436366616186031,1.087996232287895,0.2023981183513312,0.1574660581921564,0.2535139675794322,5.991428571428571,5.96,6.008571428571429,23.0,17.0,26.0,27.0,21.0,33.0,11.0,9.0,11.0,17.0,12.0,22.0,64.0,50.0,76.0,41.0,33.0,47.0,56.0,45.0,64.0,11.0,9.0,11.0,28.0,22.0,34.0,18.0,14.0,24.0,10.0,6.0,10.0,0.0,0.0,0.0,14.0,11.0,17.0,24.0,20.0,30.0,0.0341463414634146,0.0296022201665124,0.0426136363636363,30.0,24.0,36.0,3.727272727272727,3.1818181818181817,4.2727272727272725,112.0,112.0,112.0,97.0,97.0,97.0,37.0,37.0,37.0,67.0,67.0,67.0,75.0,75.0,75.0,7.0,7.0,7.0,30.0,30.0,30.0,4.0,4.0,4.0,11.0,9.0,11.0,6.0,6.0,6.0,5.0,3.0,5.0,0.0715667311411992,0.0715667311411992,0.1081871345029239,2.727272727272727,2.727272727272727,3.3333333333333335,5.0,5.0,5.0,5.0,5.0,5.0,1.0,1.0,1.0,0.987104247104247,0.98,0.9896525096525096,3.363636363636364,3.363636363636364,4.111111111111111,10.181818181818182,10.181818181818182,12.444444444444445,6.090909090909091,6.090909090909091,7.444444444444445,150.0,150.0,150.0,0.0,0.0,0.0,100.0,49.0,118.0,50.0,32.0,101.0,0.6666666666666666,0.6066666666666667,0.8366666666666667,0.6,0.5597014925373134,0.7537688442211056,1.0,1.0,1.0,0.7499999999999999,0.7177033492822966,0.8595988538681949,0.6666666666666666,0.3266666666666666,0.7866666666666666,0.0,0.0,0.0,9.0,9.0,9.0,0.3333333333333333,0.2222222222222222,0.6666666666666666,0.6666666666666666,0.6111111111111112,0.8333333333333333,0.7499999999999999,0.7177033492822966,0.8595988538681949,0.7832898172323759,0.7481296758104738,0.9036144578313252,0.033289817232376,0.0304263265281772,0.0440156039631304,150.0,150.0,150.0,0.0,0.0,0.0,0.0,0.0,0.0,150.0,150.0,150.0,1.0,1.0,1.0,1.0,1.0,1.0,1.0,1.0,1.0,1.0,1.0,1.0,0.0,0.0,0.0,0.0,0.0,0.0,9.0,9.0,9.0,1.0,1.0,1.0,1.0,1.0,1.0,1.0,1.0,1.0,1.0,1.0,1.0,0.0,0.0,0.0,150.0,150.0,150.0,0.0,0.0,0.0,0.0,0.0,0.0,150.0,150.0,150.0,1.0,1.0,1.0,1.0,1.0,1.0,1.0,1.0,1.0,1.0,1.0,1.0,0.0,0.0,0.0,0.0,0.0,0.0,9.0,9.0,9.0,1.0,1.0,1.0,1.0,1.0,1.0,1.0,1.0,1.0,1.0,1.0,1.0,0.0,0.0,0.0,0.2651062090008054,0.200746791990241,0.3752988330088556,33.0,25.0,39.0,412.5,312.5,487.5,49.0,38.0,57.0,700.0,542.8571428571429,814.2857142857142,24.0,20.0,30.0,28.0,22.0,34.0,1400.0,1100.0,1700.0,2.3939393939393936,1.8484848484848484,2.9393939393939394,179.54545454545453,138.63636363636365,220.45454545454547,0.0,0.0,0.0,0.0,0.0,0.0,0.0,0.0,0.0,0.0,0.0,0.0,0.0,0.0,0.0,0.0,0.0,0.0,-2.8030303030303028,-2.8030303030303028,-2.0555555555555562,-45.454545454545446,-45.454545454545446,-33.33333333333334,-8.484848484848486,-8.484848484848486,-6.222222222222223,-45.45454545454546,-45.45454545454546,-33.333333333333336,-0.18013394913090958,-0.18013394913090958,-0.1435135457691849,-71.56673114119923,-71.56673114119923,-57.017543859649145,0.0,0.0,0.0,0.0,0.0,0.0
noise,0.1,0.1,0.05,0.95,350.0,350.0,350.0,150.0,150.0,150.0,150.0,150.0,150.0,11.0,9.0,11.0,21.0,17.0,25.0,0.06,0.0485714285714285,0.0714285714285714,0.9025805685286205,0.6436366616186031,1.087996232287895,0.2023981183513312,0.1574660581921564,0.2535139675794322,5.991428571428571,5.96,6.008571428571429,13.0,11.0,17.0,15.0,13.0,19.0,11.0,9.0,11.0,4.0,4.0,8.0,30.0,30.0,42.0,21.0,17.0,25.0,25.0,21.0,31.0,11.0,9.0,11.0,8.0,6.0,12.0,8.0,2.0,8.0,4.0,0.0,4.0,0.0,0.0,0.0,4.0,3.0,6.0,9.0,6.0,11.0,0.0595238095238095,0.0516666666666666,0.0772058823529411,10.0,8.0,14.0,2.0,1.8888888888888888,2.272727272727273,112.0,112.0,112.0,97.0,97.0,97.0,37.0,37.0,37.0,67.0,67.0,67.0,75.0,75.0,75.0,7.0,7.0,7.0,30.0,30.0,30.0,4.0,4.0,4.0,11.0,9.0,11.0,6.0,6.0,6.0,5.0,3.0,5.0,0.0715667311411992,0.0715667311411992,0.1081871345029239,2.727272727272727,2.727272727272727,3.3333333333333335,5.0,5.0,5.0,5.0,5.0,5.0,1.0,1.0,1.0,0.987104247104247,0.98,0.9896525096525096,3.363636363636364,3.363636363636364,4.111111111111111,10.181818181818182,10.181818181818182,12.444444444444445,6.090909090909091,6.090909090909091,7.444444444444445,150.0,150.0,150.0,0.0,0.0,0.0,33.0,0.0,65.0,117.0,85.0,150.0,0.89,0.7833333333333333,1.0,0.819672131147541,0.6976744186046512,1.0,1.0,1.0,1.0,0.9009009009009008,0.8219178082191781,1.0,0.22,0.0,0.4333333333333333,0.0,0.0,0.0,9.0,9.0,9.0,0.7777777777777778,0.5555555555555556,1.0,0.8888888888888888,0.7777777777777778,1.0,0.9009009009009008,0.8219178082191781,1.0,0.9493670886075948,0.8620689655172413,1.0,0.0484661877066939,0.0,0.0506329113924051,150.0,150.0,150.0,0.0,0.0,0.0,0.0,0.0,0.0,150.0,150.0,150.0,1.0,1.0,1.0,1.0,1.0,1.0,1.0,1.0,1.0,1.0,1.0,1.0,0.0,0.0,0.0,0.0,0.0,0.0,9.0,9.0,9.0,1.0,1.0,1.0,1.0,1.0,1.0,1.0,1.0,1.0,1.0,1.0,1.0,0.0,0.0,0.0,150.0,150.0,150.0,0.0,0.0,0.0,0.0,0.0,0.0,150.0,150.0,150.0,1.0,1.0,1.0,1.0,1.0,1.0,1.0,1.0,1.0,1.0,1.0,1.0,0.0,0.0,0.0,0.0,0.0,0.0,9.0,9.0,9.0,1.0,1.0,1.0,1.0,1.0,1.0,1.0,1.0,1.0,1.0,1.0,1.0,0.0,0.0,0.0,0.2344688750163186,0.1813107919879257,0.305110292014433,13.0,9.0,17.0,162.5,112.5,212.5,18.0,14.0,24.0,257.14285714285717,200.0,342.85714285714283,9.0,6.0,11.0,8.0,6.0,12.0,400.0,300.0,600.0,0.6666666666666667,0.5555555555555556,0.9393939393939397,50.000000000000014,41.66666666666667,70.45454545454548,0.0,0.0,0.0,0.0,0.0,0.0,0.0,0.0,0.0,0.0,0.0,0.0,0.0,0.0,0.0,0.0,0.0,0.0,-2.8030303030303028,-2.8030303030303028,-2.0555555555555562,-45.454545454545446,-45.454545454545446,-33.33333333333334,-8.484848484848486,-8.484848484848486,-6.222222222222223,-45.45454545454546,-45.45454545454546,-33.333333333333336,-0.18013394913090958,-0.18013394913090958,-0.1435135457691849,-71.56673114119923,-71.56673114119923,-57.017543859649145,0.0,0.0,0.0,0.0,0.0,0.0
noise,0.1,0.2,0.05,0.95,350.0,350.0,350.0,150.0,150.0,150.0,150.0,150.0,150.0,11.0,9.0,11.0,21.0,17.0,25.0,0.06,0.0485714285714285,0.0714285714285714,0.9025805685286205,0.6436366616186031,1.087996232287895,0.2023981183513312,0.1574660581921564,0.2535139675794322,5.991428571428571,5.96,6.008571428571429,13.0,11.0,17.0,15.0,13.0,19.0,11.0,9.0,11.0,4.0,4.0,8.0,30.0,30.0,42.0,21.0,17.0,25.0,25.0,21.0,31.0,11.0,9.0,11.0,8.0,6.0,12.0,8.0,2.0,8.0,4.0,0.0,4.0,0.0,0.0,0.0,4.0,3.0,6.0,9.0,6.0,11.0,0.0595238095238095,0.0516666666666666,0.0772058823529411,10.0,8.0,14.0,2.0,1.8888888888888888,2.272727272727273,112.0,112.0,112.0,97.0,97.0,97.0,37.0,37.0,37.0,67.0,67.0,67.0,75.0,75.0,75.0,7.0,7.0,7.0,30.0,30.0,30.0,4.0,4.0,4.0,11.0,9.0,11.0,6.0,6.0,6.0,5.0,3.0,5.0,0.0715667311411992,0.0715667311411992,0.1081871345029239,2.727272727272727,2.727272727272727,3.3333333333333335,5.0,5.0,5.0,5.0,5.0,5.0,1.0,1.0,1.0,0.987104247104247,0.98,0.9896525096525096,3.363636363636364,3.363636363636364,4.111111111111111,10.181818181818182,10.181818181818182,12.444444444444445,6.090909090909091,6.090909090909091,7.444444444444445,150.0,150.0,150.0,0.0,0.0,0.0,33.0,0.0,65.0,117.0,85.0,150.0,0.89,0.7833333333333333,1.0,0.819672131147541,0.6976744186046512,1.0,1.0,1.0,1.0,0.9009009009009008,0.8219178082191781,1.0,0.22,0.0,0.4333333333333333,0.0,0.0,0.0,9.0,9.0,9.0,0.7777777777777778,0.5555555555555556,1.0,0.8888888888888888,0.7777777777777778,1.0,0.9009009009009008,0.8219178082191781,1.0,0.9493670886075948,0.8620689655172413,1.0,0.0484661877066939,0.0,0.0506329113924051,150.0,150.0,150.0,0.0,0.0,0.0,0.0,0.0,0.0,150.0,150.0,150.0,1.0,1.0,1.0,1.0,1.0,1.0,1.0,1.0,1.0,1.0,1.0,1.0,0.0,0.0,0.0,0.0,0.0,0.0,9.0,9.0,9.0,1.0,1.0,1.0,1.0,1.0,1.0,1.0,1.0,1.0,1.0,1.0,1.0,0.0,0.0,0.0,150.0,150.0,150.0,0.0,0.0,0.0,0.0,0.0,0.0,150.0,150.0,150.0,1.0,1.0,1.0,1.0,1.0,1.0,1.0,1.0,1.0,1.0,1.0,1.0,0.0,0.0,0.0,0.0,0.0,0.0,9.0,9.0,9.0,1.0,1.0,1.0,1.0,1.0,1.0,1.0,1.0,1.0,1.0,1.0,1.0,0.0,0.0,0.0,0.2314499579952098,0.194424750021426,0.3105422079970594,13.0,9.0,17.0,162.5,112.5,212.5,18.0,14.0,24.0,257.14285714285717,200.0,342.85714285714283,9.0,6.0,11.0,8.0,6.0,12.0,400.0,300.0,600.0,0.6666666666666667,0.5555555555555556,0.9393939393939397,50.000000000000014,41.66666666666667,70.45454545454548,0.0,0.0,0.0,0.0,0.0,0.0,0.0,0.0,0.0,0.0,0.0,0.0,0.0,0.0,0.0,0.0,0.0,0.0,-2.8030303030303028,-2.8030303030303028,-2.0555555555555562,-45.454545454545446,-45.454545454545446,-33.33333333333334,-8.484848484848486,-8.484848484848486,-6.222222222222223,-45.45454545454546,-45.45454545454546,-33.333333333333336,-0.18013394913090958,-0.18013394913090958,-0.1435135457691849,-71.56673114119923,-71.56673114119923,-57.017543859649145,0.0,0.0,0.0,0.0,0.0,0.0
noise,0.2,0.0,0.05,0.95,350.0,350.0,350.0,150.0,150.0,150.0,150.0,150.0,150.0,11.0,11.0,11.0,32.0,28.0,33.0,0.0914285714285714,0.08,0.0942857142857142,1.5664579408349104,1.4994419407387014,1.8623833990105352,0.3186871041087539,0.2998883881477402,0.372252647227087,6.017142857142857,6.008571428571429,6.025714285714286,28.0,21.0,28.0,38.0,30.0,39.0,11.0,11.0,11.0,27.0,19.0,28.0,86.0,68.0,88.0,53.0,43.0,55.0,74.0,60.0,76.0,11.0,11.0,11.0,40.0,30.0,42.0,30.0,22.0,32.0,10.0,8.0,10.0,0.0,0.0,0.0,20.0,15.0,21.0,37.0,29.0,38.0,0.0268505079825834,0.0252525252525252,0.0332225913621262,42.0,32.0,44.0,4.818181818181818,3.909090909090909,5.0,112.0,111.0,112.0,97.0,96.0,97.0,37.0,36.0,37.0,67.0,66.0,67.0,75.0,75.0,75.0,7.0,6.0,7.0,30.0,30.0,30.0,4.0,3.0,4.0,11.0,11.0,11.0,6.0,6.0,6.0,5.0,5.0,5.0,0.0715667311411992,0.06963249516441,0.0715667311411992,2.727272727272727,2.727272727272727,2.727272727272727,5.0,5.0,5.0,5.0,5.0,5.0,1.0,1.0,1.0,0.9803861003861004,0.9744444444444444,0.9824710424710424,3.363636363636364,3.272727272727273,3.363636363636364,10.181818181818182,10.090909090909092,10.181818181818182,6.090909090909091,6.0,6.090909090909091,0.0,0.0,150.0,150.0,0.0,150.0,0.0,0.0,134.0,150.0,16.0,150.0,0.5,0.5,0.5533333333333333,0.0,0.0,0.528169014084507,0.0,0.0,1.0,0.0,0.0,0.6912442396313364,0.0,0.0,0.8933333333333333,1.0,0.0,1.0,9.0,9.0,9.0,1.0,0.1111111111111111,1.0,0.5,0.5,0.5555555555555556,0.0,0.0,0.6912442396313364,0.0,0.0,0.7194244604316548,0.0,0.0,0.0281802208003183,150.0,150.0,150.0,0.0,0.0,0.0,0.0,0.0,16.0,150.0,134.0,150.0,1.0,0.9466666666666668,1.0,1.0,0.9036144578313252,1.0,1.0,1.0,1.0,1.0,0.9493670886075948,1.0,0.0,0.0,0.1066666666666666,0.0,0.0,0.0,9.0,9.0,9.0,1.0,0.8888888888888888,1.0,1.0,0.9444444444444444,1.0,1.0,0.9493670886075948,1.0,1.0,1.0,1.0,0.0,0.0,0.0506329113924051,150.0,150.0,150.0,0.0,0.0,0.0,0.0,0.0,16.0,150.0,134.0,150.0,1.0,0.9466666666666668,1.0,1.0,0.9036144578313252,1.0,1.0,1.0,1.0,1.0,0.9493670886075948,1.0,0.0,0.0,0.1066666666666666,0.0,0.0,0.0,9.0,9.0,9.0,1.0,0.8888888888888888,1.0,1.0,0.9444444444444444,1.0,1.0,0.9493670886075948,1.0,1.0,1.0,1.0,0.0,0.0,0.0506329113924051,0.2249992080032825,0.2105164579988923,0.3005034170055296,45.0,35.0,47.0,562.5,437.5,587.5,67.0,53.0,69.0,957.1428571428571,757.1428571428571,985.7142857142858,37.0,29.0,38.0,40.0,30.0,42.0,2000.0,1500.0,2100.0,3.4848484848484853,2.575757575757576,3.666666666666667,261.36363636363643,193.18181818181822,275.00000000000006,0.0,-1.0,0.0,0.0,-2.7027027027027026,0.0,0.0,-1.0,0.0,0.0,-1.4925373134328357,0.0,0.0,-1.0,0.0,0.0,-0.8928571428571428,0.0,-2.8030303030303028,-2.893939393939394,-2.8030303030303028,-45.454545454545446,-46.928746928746925,-45.454545454545446,-8.484848484848486,-8.575757575757576,-8.484848484848486,-45.45454545454546,-45.94155844155844,-45.45454545454546,-0.18013394913090958,-0.1820681851076988,-0.18013394913090958,-71.56673114119923,-72.33519786711278,-71.56673114119923,0.0,-1.0,0.0,0.0,-25.0,0.0
noise,0.2,0.1,0.05,0.95,350.0,350.0,350.0,150.0,150.0,150.0,150.0,150.0,150.0,11.0,11.0,11.0,32.0,28.0,33.0,0.0914285714285714,0.08,0.0942857142857142,1.5664579408349104,1.4994419407387014,1.8623833990105352,0.3186871041087539,0.2998883881477402,0.372252647227087,6.017142857142857,6.008571428571429,6.025714285714286,13.0,8.0,17.0,15.0,12.0,18.0,11.0,11.0,11.0,4.0,1.0,7.0,34.0,24.0,42.0,21.0,15.0,25.0,26.0,19.0,32.0,11.0,11.0,11.0,8.0,2.0,12.0,4.0,2.0,8.0,2.0,0.0,4.0,0.0,0.0,0.0,4.0,1.0,6.0,9.0,6.0,11.0,0.0642857142857142,0.0533333333333333,0.0904761904761904,10.0,4.0,14.0,1.9090909090909092,1.3636363636363635,2.272727272727273,112.0,111.0,112.0,97.0,96.0,97.0,37.0,36.0,37.0,67.0,66.0,67.0,75.0,75.0,75.0,7.0,6.0,7.0,30.0,30.0,30.0,4.0,3.0,4.0,11.0,11.0,11.0,6.0,6.0,6.0,5.0,5.0,5.0,0.0715667311411992,0.06963249516441,0.0715667311411992,2.727272727272727,2.727272727272727,2.727272727272727,5.0,5.0,5.0,5.0,5.0,5.0,1.0,1.0,1.0,0.9803861003861004,0.9744444444444444,0.9824710424710424,3.363636363636364,3.272727272727273,3.363636363636364,10.181818181818182,10.090909090909092,10.181818181818182,6.090909090909091,6.0,6.090909090909091,150.0,150.0,150.0,0.0,0.0,0.0,16.0,0.0,51.0,134.0,99.0,150.0,0.9466666666666668,0.83,1.0,0.9036144578313252,0.746268656716418,1.0,1.0,1.0,1.0,0.9493670886075948,0.8547008547008548,1.0,0.1066666666666666,0.0,0.34,0.0,0.0,0.0,9.0,9.0,9.0,0.8888888888888888,0.6666666666666666,1.0,0.9444444444444444,0.8333333333333333,1.0,0.9493670886075948,0.8547008547008548,1.0,1.0,0.8982035928143712,1.0,0.0457526307762695,0.0,0.0506329113924051,150.0,150.0,150.0,0.0,0.0,0.0,0.0,0.0,16.0,150.0,134.0,150.0,1.0,0.9466666666666668,1.0,1.0,0.9036144578313252,1.0,1.0,1.0,1.0,1.0,0.9493670886075948,1.0,0.0,0.0,0.1066666666666666,0.0,0.0,0.0,9.0,9.0,9.0,1.0,0.8888888888888888,1.0,1.0,0.9444444444444444,1.0,1.0,0.9493670886075948,1.0,1.0,1.0,1.0,0.0,0.0,0.0506329113924051,150.0,150.0,150.0,0.0,0.0,0.0,0.0,0.0,16.0,150.0,134.0,150.0,1.0,0.9466666666666668,1.0,1.0,0.9036144578313252,1.0,1.0,1.0,1.0,1.0,0.9493670886075948,1.0,0.0,0.0,0.1066666666666666,0.0,0.0,0.0,9.0,9.0,9.0,1.0,0.8888888888888888,1.0,1.0,0.9444444444444444,1.0,1.0,0.9493670886075948,1.0,1.0,1.0,1.0,0.0,0.0,0.0506329113924051,0.2143986250157468,0.1988242919906042,0.2558440419961698,13.0,7.0,17.0,162.5,87.5,212.5,19.0,12.0,25.0,271.42857142857144,171.42857142857142,357.14285714285717,9.0,6.0,11.0,8.0,2.0,12.0,400.0,100.0,600.0,0.5757575757575759,0.030303030303030276,0.9393939393939397,43.181818181818194,2.2727272727272707,70.45454545454548,0.0,-1.0,0.0,0.0,-2.7027027027027026,0.0,0.0,-1.0,0.0,0.0,-1.4925373134328357,0.0,0.0,-1.0,0.0,0.0,-0.8928571428571428,0.0,-2.8030303030303028,-2.893939393939394,-2.8030303030303028,-45.454545454545446,-46.928746928746925,-45.454545454545446,-8.484848484848486,-8.575757575757576,-8.484848484848486,-45.45454545454546,-45.94155844155844,-45.45454545454546,-0.18013394913090958,-0.1820681851076988,-0.18013394913090958,-71.56673114119923,-72.33519786711278,-71.56673114119923,0.0,-1.0,0.0,0.0,-25.0,0.0
noise,0.2,0.2,0.05,0.95,350.0,350.0,350.0,150.0,150.0,150.0,150.0,150.0,150.0,11.0,11.0,11.0,32.0,28.0,33.0,0.0914285714285714,0.08,0.0942857142857142,1.5664579408349104,1.4994419407387014,1.8623833990105352,0.3186871041087539,0.2998883881477402,0.372252647227087,6.017142857142857,6.008571428571429,6.025714285714286,13.0,8.0,17.0,15.0,12.0,18.0,11.0,11.0,11.0,4.0,1.0,7.0,34.0,24.0,42.0,21.0,15.0,25.0,26.0,19.0,32.0,11.0,11.0,11.0,8.0,2.0,12.0,4.0,2.0,8.0,2.0,0.0,4.0,0.0,0.0,0.0,4.0,1.0,6.0,9.0,6.0,11.0,0.0642857142857142,0.0533333333333333,0.0904761904761904,10.0,4.0,14.0,1.9090909090909092,1.3636363636363635,2.272727272727273,112.0,111.0,112.0,97.0,96.0,97.0,37.0,36.0,37.0,67.0,66.0,67.0,75.0,75.0,75.0,7.0,6.0,7.0,30.0,30.0,30.0,4.0,3.0,4.0,11.0,11.0,11.0,6.0,6.0,6.0,5.0,5.0,5.0,0.0715667311411992,0.06963249516441,0.0715667311411992,2.727272727272727,2.727272727272727,2.727272727272727,5.0,5.0,5.0,5.0,5.0,5.0,1.0,1.0,1.0,0.9803861003861004,0.9744444444444444,0.9824710424710424,3.363636363636364,3.272727272727273,3.363636363636364,10.181818181818182,10.090909090909092,10.181818181818182,6.090909090909091,6.0,6.090909090909091,150.0,150.0,150.0,0.0,0.0,0.0,16.0,0.0,51.0,134.0,99.0,150.0,0.9466666666666668,0.83,1.0,0.9036144578313252,0.746268656716418,1.0,1.0,1.0,1.0,0.9493670886075948,0.8547008547008548,1.0,0.1066666666666666,0.0,0.34,0.0,0.0,0.0,9.0,9.0,9.0,0.8888888888888888,0.6666666666666666,1.0,0.9444444444444444,0.8333333333333333,1.0,0.9493670886075948,0.8547008547008548,1.0,1.0,0.8982035928143712,1.0,0.0457526307762695,0.0,0.0506329113924051,150.0,150.0,150.0,0.0,0.0,0.0,0.0,0.0,16.0,150.0,134.0,150.0,1.0,0.9466666666666668,1.0,1.0,0.9036144578313252,1.0,1.0,1.0,1.0,1.0,0.9493670886075948,1.0,0.0,0.0,0.1066666666666666,0.0,0.0,0.0,9.0,9.0,9.0,1.0,0.8888888888888888,1.0,1.0,0.9444444444444444,1.0,1.0,0.9493670886075948,1.0,1.0,1.0,1.0,0.0,0.0,0.0506329113924051,150.0,150.0,150.0,0.0,0.0,0.0,0.0,0.0,16.0,150.0,134.0,150.0,1.0,0.9466666666666668,1.0,1.0,0.9036144578313252,1.0,1.0,1.0,1.0,1.0,0.9493670886075948,1.0,0.0,0.0,0.1066666666666666,0.0,0.0,0.0,9.0,9.0,9.0,1.0,0.8888888888888888,1.0,1.0,0.9444444444444444,1.0,1.0,0.9493670886075948,1.0,1.0,1.0,1.0,0.0,0.0,0.0506329113924051,0.1982182080100756,0.1912075839936733,0.2533040000125766,13.0,7.0,17.0,162.5,87.5,212.5,19.0,12.0,25.0,271.42857142857144,171.42857142857142,357.14285714285717,9.0,6.0,11.0,8.0,2.0,12.0,400.0,100.0,600.0,0.5757575757575759,0.030303030303030276,0.9393939393939397,43.181818181818194,2.2727272727272707,70.45454545454548,0.0,-1.0,0.0,0.0,-2.7027027027027026,0.0,0.0,-1.0,0.0,0.0,-1.4925373134328357,0.0,0.0,-1.0,0.0,0.0,-0.8928571428571428,0.0,-2.8030303030303028,-2.893939393939394,-2.8030303030303028,-45.454545454545446,-46.928746928746925,-45.454545454545446,-8.484848484848486,-8.575757575757576,-8.484848484848486,-45.45454545454546,-45.94155844155844,-45.45454545454546,-0.18013394913090958,-0.1820681851076988,-0.18013394913090958,-71.56673114119923,-72.33519786711278,-71.56673114119923,0.0,-1.0,0.0,0.0,-25.0,0.0
